time,open,high,low,close,volume,Pct_Change,Benchmark_Pct_Change,RSC
2024-01-01,17301.2,17349.3,17244.2,17288.9,0,,,
2024-01-02,17306.1,17313.8,17130.6,17251.8,0,-0.21458855103564378,-0.3500154080370299,0.6130831560790643
2024-01-03,17224.8,17249.8,17169.8,17194.3,0,-0.3332985543537448,-0.6854120318658952,0.4862747352806269
2024-01-04,17238.4,17290.1,17194.3,17258.4,0,0.37279796211535654,0.6566809032731769,0.5677003248566739
2024-01-05,17323.6,17331.8,17216.3,17260.0,0,0.009270847819031758,0.2410128078453866,0.03846620394124095
2024-01-08,17306.5,17312.2,17061.4,17074.7,0,-1.073580533024332,-0.911067302909152,1.1783767561367364
2024-01-09,17204.2,17222.7,17099.1,17117.7,0,0.2518345856735493,0.14781759866127064,1.703684730061387
2024-01-10,17114.7,17149.7,17039.6,17134.2,0,0.09639145445941022,0.34300620103226986,0.2810195680699713
2024-01-11,17183.2,17250.7,17176.4,17225.6,0,0.5334360518728598,0.13183031357111297,4.046383850745447
2024-01-12,17279.8,17351.8,17219.2,17326.2,0,0.5840144900613131,1.1428729812631655,0.5110055969787898
2024-01-15,17481.6,17506.2,17387.5,17489.3,0,0.9413489397559704,0.9262557890986844,1.0162947976519237
2024-01-16,17488.1,17500.5,17388.1,17447.3,0,-0.2401468326348133,-0.29460479513427895,0.815149096691912
2024-01-17,17281.2,17395.3,17246.8,17260.3,0,-1.0717990749285033,-2.089659272976485,0.5129061415844344
2024-01-18,17179.9,17211.3,16964.9,17164.8,0,-0.5532928164632134,-0.5085319327458482,1.088019809249099
2024-01-19,17264.3,17321.9,17217.0,17298.5,0,0.7789196495152861,0.7464286047096813,1.0435286705260205
2024-01-20,17358.1,17372.4,17221.6,17231.0,0,-0.39020724340260715,-0.23401657540329523,1.6674342094363994
2024-01-23,17331.8,17362.6,16943.9,16995.6,0,-1.366142417735483,-1.5436820293160514,0.8849895197269158
2024-01-24,17024.7,17252.2,16937.0,17226.6,0,1.3591753159641229,1.0127690829990543,1.3420387122593394
2024-01-25,17260.7,17261.8,17077.3,17145.9,0,-0.4684615652537194,-0.4721752222206832,0.992135002447824
2024-01-29,17134.6,17381.5,17130.6,17355.4,0,1.2218664520381006,1.803059112239258,0.6776630026958119
2024-01-30,17401.5,17441.8,17243.8,17255.9,0,-0.5733085955956119,-0.9913697924333831,0.5782994397967158
2024-01-31,17249.5,17445.2,17219.4,17429.2,0,1.0042941834387031,0.946004339725226,1.061616888280246
2024-02-01,17471.8,17569.1,17392.6,17413.1,0,-0.0923737176692141,-0.13026047492140647,0.709146175959733
2024-02-02,17493.4,17709.1,17489.3,17589.2,0,1.011307578776921,0.7208236931613765,1.402988814562331
2024-02-05,17667.8,17767.7,17600.2,17642.8,0,0.304732449457612,-0.3756783717248191,-0.8111524974368918
2024-02-06,17676.4,17790.8,17623.1,17773.7,0,0.7419457229011384,0.7243348016002349,1.02431323368972
2024-02-07,17886.4,17894.7,17763.4,17836.6,0,0.3538936743615384,0.005016097111631979,70.55159947778597
2024-02-08,17900.7,17929.2,17652.5,17689.9,0,-0.8224661650762854,-0.969426141674834,0.8484051850049634
2024-02-09,17722.4,17761.6,17574.7,17742.2,0,0.29564892961519984,0.2974504901486652,0.9939433263916797
2024-02-12,17766.8,17789.9,17612.4,17643.2,0,-0.5579916808512997,-0.7639159876047352,0.7304359247682289
2024-02-13,17687.2,17806.5,17613.0,17781.7,0,0.7850049877573317,0.5879876573479992,1.335070520524087
2024-02-14,17690.2,17900.2,17633.7,17876.0,0,0.5303204980401155,0.44565657308950346,1.1899757123824775
2024-02-15,17916.8,17932.8,17813.1,17898.6,0,0.12642649362273328,0.32371646649969055,0.39054699623336625
2024-02-16,17968.4,18049.8,17944.5,18035.8,0,0.7665403998078135,0.5928583164466872,1.2929571510476479
2024-02-19,18091.55,18143.45,18027.75,18107.3,0,0.39643375952271853,0.3699973231340081,1.071450345004619
2024-02-20,18103.25,18171.7,18022.55,18154.8,0,0.262325139584596,0.33766908881329716,0.7768704577209314
2024-02-21,18185.15,18195.05,17950.15,17998.85,0,-0.8590014761936327,-0.6392770177884866,1.3437077390413008
2024-02-22,18038.95,18136.9,17829.85,18112.7,0,0.6325404123041389,0.7363392964423232,0.8590338928810453
2024-02-23,18146.1,18153.5,18066.35,18102.6,0,-0.05576197916380421,-0.02137959126722322,2.608187334679882
2024-02-26,18080.95,18099.05,18011.6,18065.15,0,-0.206876360301822,-0.4080998707946426,0.5069258167100057
2024-02-27,18046.95,18124.65,18038.8,18111.0,0,0.25380359421316445,0.3449047443613962,0.7358657668890324
2024-02-28,18117.25,18134.85,17864.15,17900.5,0,-1.1622770691844697,-1.1135962808046407,1.0437149344147003
2024-02-29,17873.0,18056.1,17791.9,17992.75,0,0.5153487332756113,0.14418378991531977,3.5742487666490073
2024-03-01,18049.3,18162.95,18039.25,18112.5,0,0.6655458448541873,1.6192204814673428,0.41102854890463564
2024-03-02,18186.6,18200.25,18127.05,18152.15,0,0.218909592822647,0.17749426445079486,1.2333333333333334
2024-03-04,18179.65,18234.25,18144.45,18185.35,0,0.18289844453684978,0.12154577628427088,1.5047700555968928
2024-03-05,18153.35,18171.55,18063.95,18124.35,0,-0.3354348417819786,-0.22003427714499812,1.5244663064970274
2024-03-06,18116.35,18265.25,17991.0,18237.7,0,0.6254017385451283,0.5266971726090697,1.1874028779139092
2024-03-07,18245.65,18324.2,18208.45,18269.95,0,0.17683150835905437,0.0867667376374115,2.0380103386854707
2024-03-11,18335.9,18338.0,18214.7,18239.15,0,-0.16858283684410003,-0.7153161684127163,0.23567597698537232
2024-03-12,18232.4,18255.45,18092.1,18132.2,0,-0.5863760098469561,0.013657134285449679,-42.9355088403635
2024-03-13,18198.9,18218.15,17748.8,17855.6,0,-1.5254629884956183,-1.5132724741109493,1.0080557299450192
2024-03-14,17812.4,18126.4,17745.45,18103.0,0,1.3855597123591634,0.6771162439709544,2.046265651867301
2024-03-15,18053.45,18087.1,17845.65,17961.0,0,-0.7844003756283469,-0.5567433449302883,1.4089084005603412
2024-03-18,17957.75,18002.25,17888.4,17960.0,0,-0.005567618729473978,0.146889551317142,-0.03790343615015344
2024-03-19,17893.35,17905.2,17636.55,17649.85,0,-1.7268930957683781,-1.080219625765677,1.5986499917036117
2024-03-20,17677.35,17741.6,17572.75,17695.4,0,0.25807584767010283,0.09923249508994036,2.6007191236720715
2024-03-21,17794.75,17901.85,17767.8,17878.4,0,1.034167071668346,0.7914703444739102,1.3066403294690165
2024-03-22,17836.55,18059.45,17816.2,18003.7,0,0.7008457132629209,0.38524528721899376,1.8192194337331975
2024-03-26,17875.5,18019.75,17874.05,17985.05,0,-0.1035898176485972,-0.41657709844207247,0.24866901717834589
2024-03-27,18041.75,18072.05,17952.15,17972.85,0,-0.06783411778116255,0.540566333556014,-0.1254871300159012
2024-03-28,18014.1,18265.0,17985.55,18143.9,0,0.9517132786397431,0.9187001240753778,1.0359346360136734
2024-04-01,18220.6,18288.8,18202.25,18229.75,0,0.47316177888987454,0.605099677966936,0.7819567521166805
2024-04-02,18243.1,18249.25,18173.9,18217.95,0,-0.06472935723199624,-0.03873208084765878,1.6712078415458773
2024-04-03,18189.0,18203.05,18101.15,18111.95,0,-0.5818437310454838,-0.08306128720498851,7.004992947069804
2024-04-04,18206.9,18216.45,17989.1,18106.4,0,-0.030642752436926823,0.3565912550452133,-0.08593242824488653
2024-04-05,18104.8,18167.6,18072.6,18131.75,0,0.14000574382537767,-0.0042194748752555356,-33.18084547591927
2024-04-08,18195.6,18224.65,18149.35,18202.0,0,0.3874419181821853,0.6778095115418603,0.5716088540876983
2024-04-09,18256.2,18260.9,18057.65,18078.3,0,-0.6795956488298005,-0.10389873953843276,6.540942188989829
2024-04-10,18142.45,18168.05,18063.7,18145.9,0,0.37392896455972213,0.4904439610913025,0.7624295418536317
2024-04-12,18113.3,18147.15,17952.75,17960.4,0,-1.0222694933841758,-1.0301576000492085,0.9923428156384461
2024-04-15,17821.5,17861.4,17750.25,17769.15,0,-1.0648426538384492,-1.0963880032327733,0.9712279327197028
2024-04-16,17683.5,17771.6,17655.7,17722.6,0,-0.2619708877464766,-0.5594342799416285,0.46827821808454545
2024-04-18,17791.6,17810.8,17533.4,17564.45,0,-0.8923634229740407,-0.6865210697176827,1.2998339924818423
2024-04-19,17475.75,17591.75,17384.85,17551.35,0,-0.07458246628845311,0.6871750807538657,-0.10853488197888722
2024-04-22,17679.4,17731.7,17613.95,17703.15,0,0.8648907349007473,0.8551948345148386,1.0113376507838816
2024-04-23,17786.65,17791.35,17720.8,17752.95,0,0.2813058692944459,0.14147311115488836,1.9884051958570774
2024-04-24,17797.85,17850.6,17788.75,17815.45,0,0.3520541656456988,0.15379113018598733,2.2891708073147132
2024-04-25,17742.8,17888.8,17691.25,17860.25,0,0.25146712544448224,0.7496964610934409,0.3354252534121804
2024-04-26,17905.85,17933.45,17793.05,17817.75,0,-0.23795859520443496,-0.6663609558557937,0.357101647558011
2024-04-29,17869.85,17914.4,17833.95,17906.7,0,0.4992212821484321,0.9966569952207793,0.5008957791319617
2024-04-30,17946.65,18012.05,17858.45,17882.95,0,-0.13263191989590917,-0.17024828426828176,0.7790499649729467
2024-05-02,17854.0,18047.4,17854.0,18009.1,0,0.7054205262554403,0.1917730044658672,3.678414113708037
2024-05-03,18083.45,18093.7,17808.3,17889.25,0,-0.6654968876845468,-0.7609876281558847,0.8745173548974214
2024-05-06,17974.2,17983.5,17832.35,17917.05,0,0.15540058973964044,-0.14749164102803025,-1.053623030135702
2024-05-07,18005.3,18083.8,17891.75,17949.6,0,0.18167053170023983,-0.6247020189192987,-0.2908115008408652
2024-05-08,17883.4,17933.3,17793.5,17902.25,0,-0.2637941792574705,0.0,
2024-05-09,17867.95,17905.95,17601.4,17621.8,0,-1.5665628622100636,-1.546911781190452,1.012703427085214
2024-05-10,17656.3,17806.05,17606.05,17773.35,0,0.8600143004687366,0.44495047250370234,1.9328315253369701
2024-05-13,17798.55,17919.35,17679.55,17897.35,0,0.6976737643719311,0.22148971671078765,3.1499149248672587
2024-05-14,17905.25,18020.35,17843.1,17966.7,0,0.38748753307054074,0.5148377785971325,0.7526400531957755
2024-05-15,18006.1,18022.5,17857.55,17870.05,0,-0.5379396327650721,-0.0778653200017021,6.908590791809665
2024-05-16,17934.2,18021.95,17742.5,18000.95,0,0.7325105413807043,0.9157430784372478,0.7999083570806376
2024-05-17,18019.25,18026.4,17909.0,17966.35,0,-0.19221207769590798,0.2778540295529597,-0.6917735834357294
2024-05-18,18020.0,18035.25,18010.75,18021.1,0,0.3047363543513315,0.15979631533733496,1.9070299193571745
2024-05-21,17930.55,18040.15,17930.55,18023.5,0,0.013317722003658439,0.12021153675227936,0.1107857229302571
2024-05-22,18090.35,18153.75,18033.4,18131.3,0,0.5981080256332039,0.3051615580772271,1.959971725802504
2024-05-23,18139.1,18296.3,18071.0,18281.85,0,0.83033207767782,1.6366637460283773,0.50733211369333
2024-05-24,18276.5,18281.45,18181.9,18201.45,0,-0.4397804379753567,-0.04593417262978017,9.574145190768867
2024-05-27,18301.8,18306.65,18151.55,18187.05,0,-0.07911457603653194,-0.1073741892486324,0.7368118594435823
2024-05-28,18228.9,18261.5,18189.85,18238.05,0,0.28041930934372683,-0.19317604529824894,-1.4516256863566133
2024-05-29,18170.4,18227.5,18132.1,18154.55,0,-0.45783403379199283,-0.8015064563977492,0.5712169005470765
2024-05-30,18089.5,18132.9,17841.5,17907.7,0,-1.3597142314185628,-0.9515650944518117,1.4289240319411698
2024-05-31,17980.4,18015.3,17810.05,17865.5,0,-0.23565281973676466,0.18698321153114428,-1.260288652692832
2024-06-03,18365.0,18376.65,18158.9,18179.8,0,1.7592566678794386,3.2542264554585643,0.540606713134085
2024-06-04,18193.2,18196.9,17217.7,17821.55,0,-1.970593735904691,-5.929358362097503,0.332345190754771
2024-06-05,17962.55,18491.95,17893.4,18413.25,0,3.320137698460579,3.362425460942675,0.9874234349658295
2024-06-06,18487.85,18487.85,18293.3,18439.1,0,0.14038803578944048,0.8888014553267487,0.15795207686493926
2024-06-07,18431.6,18764.85,18426.1,18745.5,0,1.6616863079000677,2.0539931818380985,0.8090028353516932
2024-06-10,18788.4,18907.0,18721.55,18832.95,0,0.46651196287108565,-0.13288879633664985,-3.510543971587052
2024-06-11,18859.85,18912.15,18790.75,18813.45,0,-0.10354193049947336,0.024291463162962046,-4.262482247563703
2024-06-12,18884.75,18885.55,18813.9,18839.05,0,0.13607286276573483,0.24973296625596664,0.5448734494518653
2024-06-13,18928.8,18929.8,18784.25,18854.35,0,0.08121428628300453,0.325644911985834,0.24939522557790636
2024-06-14,18891.0,18910.65,18839.95,18891.05,0,0.19465004097198868,0.2850561351174452,0.6828481025037102
2024-06-18,18949.95,18984.05,18916.1,18956.3,0,0.34540165845731163,0.3933417428064967,0.8781210353949923
2024-06-19,19008.5,19012.95,18794.8,18815.05,0,-0.7451348628160548,-0.17785965642099777,4.189454077502005
2024-06-20,18847.35,18853.1,18729.7,18793.6,0,-0.11400448045580935,0.21687361796223215,-0.5256724239997825
2024-06-21,18841.05,18851.1,18645.2,18679.5,0,-0.6071215733015389,-0.27962829380066,2.1711736142635862
2024-06-24,18627.85,18783.15,18590.75,18764.0,0,0.452367568725065,0.15637565901169825,2.8928259780585415
2024-06-25,18793.25,18828.8,18751.55,18813.35,0,0.26300362396076693,0.7793829937738694,0.3374510684243579
2024-06-26,18820.9,18917.5,18780.85,18877.0,0,0.33832358405070373,0.6218040326626317,0.5441000158875873
2024-06-27,18882.05,19079.3,18873.75,19032.95,0,0.8261376278010379,0.7361073870492119,1.1223058514773567
2024-06-28,19078.65,19164.75,19056.1,19077.45,0,0.23380505912116156,-0.14098858366778932,-1.6583261781824492
2024-07-01,19076.95,19199.45,19076.55,19177.6,0,0.5249653386589781,0.5470500528933053,0.9596294450251437
2024-07-02,19245.0,19251.45,19075.05,19128.8,0,-0.25446354079758926,-0.07497323124272537,3.3940586070482293
2024-07-03,19211.3,19245.35,19145.8,19200.4,0,0.3743047133118793,0.6742290306066545,0.5551595916525416
2024-07-04,19257.4,19291.45,19218.5,19245.3,0,0.2338492948063431,0.06443909167646034,3.628997379113717
2024-07-05,19232.5,19369.6,19220.6,19346.15,0,0.5240240474297719,0.08929251115641357,5.8686225826020255
2024-07-08,19375.65,19402.75,19316.0,19355.55,0,0.04858847884461337,-0.013566931221820067,-3.5813905186212773
2024-07-09,19418.9,19521.45,19365.6,19512.8,0,0.8124284765868239,0.4631885380881551,1.7539908909235589
2024-07-10,19534.3,19581.95,19321.9,19564.45,0,0.26469804436062283,-0.4450911055449147,-0.5947053110319047
2024-07-11,19611.3,19622.35,19435.8,19541.4,0,-0.11781573210593033,-0.03494426389908378,3.3715328056751366
2024-07-12,19600.15,19714.7,19538.05,19661.15,0,0.6128015392960595,0.7657525204649573,0.8002605579724015
2024-07-15,19735.15,19801.5,19697.75,19760.1,0,0.5032767666184101,0.3450717590089081,1.458469879030054
2024-07-16,19783.25,19849.6,19747.65,19792.85,0,0.16573802764157097,0.1069684016155037,1.5494110890551942
2024-07-18,19718.1,19955.4,19706.55,19944.3,0,0.7651753032029252,0.7632145614106411,1.002569057105855
2024-07-19,19933.3,19939.7,19697.25,19719.4,0,-1.1276404787332606,-1.0884707580586794,1.0359860110017485
2024-07-22,19628.25,19739.0,19584.45,19679.4,0,-0.20284592837510607,-0.08825603626446687,2.298380223730654
2024-07-23,19717.65,19844.75,19441.45,19810.65,0,0.666941065276383,-0.12321878474453873,-5.412657385471763
2024-07-24,19808.4,19814.7,19636.85,19724.9,0,-0.43284798832951,-0.2677799996323338,1.6164313575465576
2024-07-25,19620.9,19778.9,19614.45,19766.85,0,0.21267534943141264,-0.030311098367707956,-7.016418436950709
2024-07-26,19796.05,20134.3,19788.9,20108.0,0,1.7258693216167575,1.7567329479105664,0.9824312361588495
2024-07-29,20184.7,20210.95,20045.9,20097.5,0,-0.0522180226775415,0.005033249647179439,-10.374614083925627
2024-07-30,20125.6,20195.05,20067.5,20079.15,0,-0.09130488866774256,0.08535961765334665,-1.0696496912455746
2024-07-31,20122.05,20235.2,20111.55,20211.65,0,0.6598884912957015,0.3775550844218989,1.7477939472225705
2024-08-01,20254.75,20286.7,20192.9,20238.0,0,0.130370355710685,0.23946792031630526,0.5444167867599263
2024-08-02,20086.4,20207.7,20053.85,20074.9,0,-0.8059096748690542,-1.1722888820474342,0.6874667901494649
2024-08-05,19764.45,19978.15,19687.8,19771.45,0,-1.5115890988249059,-2.6786472851438536,0.5643106157381702
2024-08-06,19828.9,19963.65,19721.45,19744.9,0,-0.1342845365413181,-0.26210113237665755,0.5123386355627869
2024-08-07,19914.6,19961.5,19862.0,19941.85,0,0.9974727651190785,1.2710195456506312,0.7847816097969407
2024-08-08,19922.7,19974.45,19777.45,19802.9,0,-0.6967758758590459,-0.7428747813561065,0.9379452544977933
2024-08-09,19979.5,19981.25,19860.1,19919.1,0,0.5867827439415274,1.0386864037815746,0.5649277219815443
2024-08-12,19889.9,19931.05,19762.4,19816.9,0,-0.5130753899523444,-0.08412844977941925,6.0987144217872
2024-08-13,19840.9,19891.45,19738.85,19783.9,0,-0.16652453209129447,-0.8543146999630324,0.1949217684051325
2024-08-14,19830.3,19840.3,19685.85,19760.6,0,-0.11777253221054718,0.019677699987563635,-5.985076115856008
2024-08-16,19881.3,20055.15,19772.9,20034.8,0,1.3876096879649413,1.6459746311157097,0.8430322446855466
2024-08-19,20102.25,20126.0,20043.1,20082.15,0,0.23633877053927943,0.1283558431450782,1.8412778471810602
2024-08-20,20129.75,20211.1,20114.55,20203.35,0,0.6035210373391164,0.5135791215029606,1.175127671804387
2024-08-21,20202.0,20364.9,20170.45,20355.0,0,0.7506180905642035,0.2888798466325504,2.598374719850136
2024-08-22,20424.5,20439.0,20372.2,20413.25,0,0.2861704740849902,0.16673260611541618,1.7163437959273324
2024-08-23,20432.95,20458.2,20351.95,20380.95,0,-0.1582305610326573,0.04695403341192783,-3.3699034893232764
2024-08-26,20412.8,20538.75,20380.6,20531.1,0,0.7367173757847345,0.7551418736139404,0.9756012764316322
2024-08-27,20535.9,20571.75,20473.9,20487.75,0,-0.21114309510936735,0.028587878739427808,-7.385755936419416
2024-08-28,20498.5,20570.95,20414.45,20496.7,0,0.04368464082196155,0.13830180571794415,0.31586457309930577
2024-08-29,20480.55,20610.45,20452.85,20564.1,0,0.3288334219654798,0.3975674936682605,0.8271134516844227
2024-08-30,20617.0,20708.65,20604.5,20666.9,0,0.499900311708279,0.3337713378088081,1.497732893992933
2024-09-02,20753.5,20774.4,20682.15,20721.1,0,0.26225510357140713,0.16959965763059248,1.5463185907051114
2024-09-03,20734.7,20805.05,20714.85,20749.1,0,0.13512796135339844,0.004549284575539048,29.703123449336434
2024-09-04,20619.2,20820.6,20616.3,20803.25,0,0.2609751748268607,-0.3210066515426213,-0.8129899289398682
2024-09-05,20826.65,20850.55,20760.65,20777.1,0,-0.12570151298475496,-0.2127093858016571,0.5909542379195554
2024-09-06,20749.9,20848.55,20614.3,20651.15,0,-0.6061962449042335,-1.16503811875871,0.5203230994279444
2024-09-09,20645.15,20807.05,20608.2,20793.15,0,0.6876130384990686,0.3390048748297403,2.0283278783067975
2024-09-10,20836.4,20951.9,20777.05,20873.7,0,0.3873871924167327,0.419868144559743,0.9226401131787015
2024-09-11,20911.75,21038.8,20852.55,20883.15,0,0.04527228042945364,-0.48979477738596566,-0.09243112119543569
2024-09-12,20984.15,21230.55,20930.95,21197.45,0,1.5050411456126067,1.8879585206944993,0.7971791377381354
2024-09-13,21221.15,21222.5,21106.7,21165.75,0,-0.14954628976598938,-0.1276148238009589,1.171856727234424
2024-09-16,21169.8,21221.45,21112.05,21159.55,0,-0.029292607160158468,0.10746751326089488,-0.27257174071801493
2024-09-17,21180.45,21253.25,21161.55,21224.55,0,0.307189897705773,0.13709558280394774,2.240698725830336
2024-09-18,21220.0,21237.5,21002.9,21096.65,0,-0.6026040599211635,-0.16129952337957665,3.7359320554412982
2024-09-19,21182.2,21266.85,21121.85,21163.65,0,0.31758596744033696,0.15072376963103373,2.107072880526912
2024-09-20,21255.45,21513.8,21166.35,21468.5,0,1.440441511743007,1.4760503308965278,0.9758756064016512
2024-09-23,21524.15,21613.6,21489.65,21602.55,0,0.6244031953792639,0.5742324342453475,1.0873701277425238
2024-09-24,21572.75,21621.95,21500.1,21516.45,0,-0.39856405840976716,0.005204508260714391,-76.58054103175901
2024-09-25,21509.6,21522.3,21327.85,21484.25,0,-0.14965293995989892,0.24575565527131804,-0.6089501370565807
2024-09-26,21497.3,21642.45,21469.0,21621.85,0,0.6404691809115848,0.81486993422204,0.7859771897499735
2024-09-27,21652.45,21766.75,21598.95,21685.05,0,0.29229691261385415,-0.14151636116043198,-2.0654637401430054
2024-09-30,21593.3,21647.3,21419.0,21433.4,0,-1.1604769184299646,-1.4060915353747983,0.8253210329728894
2024-10-01,21425.2,21492.3,21312.05,21410.95,0,-0.10474306456278448,-0.05404703835788505,1.9379982279362635
2024-10-03,21098.25,21254.9,20928.35,20970.7,0,-2.056190874295627,-2.11963452973033,0.9700685875112751
2024-10-04,20912.2,21100.9,20692.8,20745.2,0,-1.0753098370583691,-0.9326695735858426,1.1529376185438498
2024-10-07,20816.5,20848.75,20574.1,20629.7,0,-0.5567552976110113,-0.8748890647861551,0.6363724499712387
2024-10-08,20648.0,20754.35,20565.95,20733.4,0,0.5026733301986885,0.8767631549761568,0.5733285293134365
2024-10-09,20772.4,20885.65,20695.85,20724.55,0,-0.04268475020982043,-0.12473438971101203,0.34220514734319546
2024-10-10,20806.65,20815.85,20606.9,20625.15,0,-0.4796244068025479,0.06604768642959336,-7.26178966637728
2024-10-11,20631.75,20653.55,20580.2,20629.05,0,0.018908953389429328,-0.13680848212589414,-0.13821477364268173
2024-10-14,20682.8,20761.9,20621.45,20738.65,0,0.5312896134334943,0.6557377049180246,0.810216660486089
2024-10-15,20803.25,20829.45,20651.9,20702.45,0,-0.1745533098827634,-0.2809620362982379,0.6212700910861748
2024-10-16,20682.85,20723.25,20576.65,20667.65,0,-0.16809604660317223,-0.34341221238478603,0.4894876784836767
2024-10-17,20700.0,20704.35,20330.05,20344.55,0,-1.5633127133467095,-0.8868180671410819,1.762833631013525
2024-10-18,20304.6,20392.05,20204.45,20340.0,0,-0.022364711925304537,0.42101265260194864,-0.05312123468757011
2024-10-21,20389.5,20403.75,20158.5,20244.25,0,-0.47074729596853215,-0.2935135319998228,1.603835069412801
2024-10-22,20241.15,20315.6,20017.05,20045.2,0,-0.9832421551798642,-1.246918014131737,0.7885379343601211
2024-10-23,19986.95,20187.8,19986.85,20010.0,0,-0.17560313691058482,-0.14955806816742134,1.1741468652430544
2024-10-24,20018.15,20069.1,19819.25,19856.5,0,-0.7671164417791143,-0.1477358760819225,5.192485820801799
2024-10-25,19898.35,19977.1,19743.35,19813.25,0,-0.21781280688942806,-0.8959236702541951,0.24311536140978318
2024-10-28,19864.0,20031.85,19751.05,19920.05,0,0.5390332227171113,0.6548584000529489,0.8231294317573501
2024-10-29,19937.75,19971.0,19662.25,19832.6,0,-0.4390049221764003,0.524669103070563,-0.8367272240869086
2024-10-30,19762.3,19889.1,19686.25,19792.0,0,-0.2047134515897997,-0.5149825171609779,0.39751534230395735
2024-10-31,19846.25,19887.2,19685.3,19705.8,0,-0.4355295068714682,-0.5566773551457738,0.7823733134562635
2024-11-01,19804.25,19820.0,19728.65,19751.45,0,0.2316576845395879,0.4090004895611843,0.5663995287343859
2024-11-04,19796.3,19796.3,19375.5,19524.95,0,-1.1467512511739608,-1.2713773460306443,0.9019755265847881
2024-11-05,19483.45,19624.9,19405.65,19612.25,0,0.4471202230991622,0.9083009833155131,0.4922599791393683
2024-11-06,19669.85,19885.45,19629.05,19838.2,0,1.1520860686560663,1.1181871120417242,1.030315996535182
2024-11-07,19892.5,19900.65,19619.85,19679.65,0,-0.7992156546460794,-1.1627978214388546,0.687321252164993
2024-11-08,19686.5,19764.15,19593.2,19696.3,0,0.08460516320156763,-0.21136931363857636,-0.40027174117731823
2024-11-11,19630.8,19732.85,19488.75,19537.65,0,-0.8054812325157368,-0.02857355827764474,28.189741882652598
2024-11-12,19584.9,19598.9,19239.7,19272.5,0,-1.35712329783777,-1.0680866399075395,1.2706116218767154
2024-11-13,19226.35,19265.0,19039.0,19075.65,0,-1.0214035542871924,-1.3582627300494754,0.751992623879172
2024-11-14,19069.75,19120.8,18979.3,19018.95,0,-0.29723757774964277,-0.11184661520731165,2.6575464728968545
2024-11-18,19083.15,19090.9,18857.8,18924.45,0,-0.49687285575702456,-0.33527814487925856,1.4819720979306898
2024-11-19,18969.15,19137.7,18911.55,18945.35,0,0.11043914089972073,0.2758614808687776,0.400342739232429
2024-11-21,18900.2,18929.4,18788.35,18838.55,0,-0.5637267192213358,-0.7168824542381436,0.7863586504156085
2024-11-22,18884.95,19280.05,18840.85,19239.5,0,2.128348519392409,2.386948123974819,0.8916609866863038
2024-11-25,19438.55,19514.0,19384.8,19428.45,0,0.9820941292653096,1.3161279528176584,0.7461995827706372
2024-11-26,19502.15,19506.4,19380.6,19429.0,0,0.002830900046069118,-0.11312077087264338,-0.025025466359810053
2024-11-27,19422.8,19474.75,19343.8,19415.35,0,-0.0702558031808187,0.33230692926078387,-0.21141841169879486
2024-11-28,19430.15,19463.35,19084.0,19139.8,0,-1.419237871065926,-1.4861029293632533,0.9550064420329372
2024-11-29,19134.95,19374.0,19134.95,19336.4,0,1.0271789673873322,0.9072034757664271,1.1322476101841947
2024-12-02,19342.9,19487.75,19276.3,19468.8,0,0.6847189756107541,0.6006771344862161,1.1399118366581782
2024-12-03,19521.5,19559.7,19444.85,19543.4,0,0.3831771860618227,0.7460027475639563,0.513640448796031
2024-12-04,19576.7,19624.45,19463.5,19528.65,0,-0.07547304972522761,0.04211447368152044,-1.7920929107644223
2024-12-05,19598.95,19802.2,19404.05,19704.95,0,0.9027761775647569,0.9847777353177323,0.9167308979355447
2024-12-06,19732.95,19742.45,19659.4,19677.9,0,-0.13727515167508697,-0.12384452251057443,1.1084475024994809
2024-12-09,19650.2,19674.95,19538.65,19599.6,0,-0.39790831338711863,-0.23827083451523068,1.669983295255902
2024-12-10,19625.5,19666.05,19548.35,19610.85,0,0.0573991305945043,-0.03635403550104055,-1.578892956542923
2024-12-11,19647.3,19706.4,19612.75,19688.25,0,0.39467947590237085,0.12901233439184256,3.059238310529527
2024-12-12,19678.55,19707.95,19560.2,19575.1,0,-0.574708265081969,-0.3778133090926783,1.5211435151983808
2024-12-13,19533.55,19779.65,19341.85,19763.3,0,0.9614254844164227,0.8945483874909899,1.0747607372173664
2024-12-16,19769.5,19803.25,19629.8,19695.05,0,-0.3453370641542608,-0.4039437506813126,0.854913743737333
2024-12-17,19646.7,19675.0,19425.55,19452.95,0,-1.2292428808253764,-1.3468730047733413,0.9126642797568281
2024-12-18,19446.6,19555.1,19406.75,19443.9,0,-0.046522506869128843,-0.5635683760683796,0.08254988896588497
2024-12-19,19243.3,19380.75,19240.65,19361.8,0,-0.4222403941596231,-1.021329525989867,0.4134222926243027
2024-12-20,19386.65,19477.2,19115.05,19152.95,0,-1.0786703715563561,-1.5205601272561098,0.7093901465789747
2024-12-23,19253.45,19318.4,19137.3,19199.35,0,0.24226033065402053,0.703550609432968,0.34433959320889806
2024-12-24,19206.45,19298.25,19161.75,19184.25,0,-0.07864849591261436,-0.10861580107310864,0.7240981066804132
2024-12-26,19213.9,19254.9,19136.8,19199.55,0,0.07975292231907627,0.0950368030546711,0.8391793469020356
2024-12-27,19234.95,19337.6,19214.35,19259.8,0,0.3138094382420409,0.26610302229033156,1.1792779936924551
2024-12-30,19257.75,19279.95,19152.0,19187.2,0,-0.376950954838573,-0.7075848051937172,0.5327290129348866
2024-12-31,19127.15,19232.9,19047.25,19187.85,0,0.0033876751167394303,-0.0004229241823860974,-8.010123936698285
2025-01-01,19185.7,19293.6,19139.7,19250.95,0,0.3288539362148457,0.41489037758830616,0.7926284965354534
2025-01-02,19288.65,19641.7,19249.6,19619.6,0,1.9149704300307047,1.8774033500541298,1.0200101272725925
2025-01-03,19640.2,19642.4,19507.15,19527.0,0,-0.47197700258924113,-0.7602739301283967,0.6207986146644968
2025-01-06,19560.55,19586.8,19228.7,19291.2,0,-1.2075587647872088,-1.6192628542267662,0.7457459804225823
2025-01-07,19345.55,19434.95,19329.15,19354.0,0,0.32553703242927945,0.3889304096154955,0.837005861154215
2025-01-08,19390.05,19398.95,19209.55,19351.2,0,-0.014467293582720586,-0.0799311621864418,0.1809969126806288
2025-01-09,19351.6,19428.9,19279.15,19351.85,0,0.003358964818711563,-0.685762771249887,-0.004898144022297151
2025-01-10,19363.35,19420.25,19243.0,19282.55,0,-0.35810529742633657,-0.4037999702463213,0.8868383452526988
2025-01-13,19121.65,19201.65,18986.25,19017.5,0,-1.374558862806008,-1.4747241960608504,0.9320785991561032
2025-01-14,19063.15,19083.0,18934.1,18965.6,0,-0.2729065334560299,0.3902806685451399,-0.6992571127679759
2025-01-15,19030.3,19065.95,18905.05,18967.65,0,0.0108090437423769,0.16029478707546563,0.06743228485208369
2025-01-16,19068.4,19083.3,18900.85,18957.2,0,-0.055093804451267214,0.4247583271586697,-0.12970623747344867
2025-01-17,18948.4,19024.35,18848.7,18974.8,0,0.09284071487349888,-0.46585849226571385,-0.1992895190596738
2025-01-20,19105.8,19111.25,18955.05,19056.0,0,0.4279359993254239,0.6100451661839701,0.7014824853089191
2025-01-21,19110.8,19183.8,18877.45,18896.1,0,-0.8391057934508894,-1.3711862410177855,0.6119561065811522
2025-01-22,18947.9,19048.75,18927.8,19038.6,0,0.7541238668296701,0.5676524941747196,1.328495645784225
2025-01-23,19005.35,19220.5,18992.75,19165.05,0,0.6641769878037218,0.21593281898135697,3.075850122908204
2025-01-24,19119.15,19226.85,19015.95,19052.4,0,-0.5877887091345846,-0.4876030742910431,1.2054655520562656
2025-01-27,18952.25,19061.7,18853.45,18881.35,0,-0.8977871554240013,-1.139129229783209,0.7881345961027283
2025-01-28,18928.25,18999.6,18809.1,18875.45,0,-0.03124776565234244,0.5611247024089661,-0.05568773842640071
2025-01-29,18911.9,19009.4,18877.15,18978.7,0,0.547006826327312,0.8966666303673154,0.6100448124217951
2025-01-30,19013.75,19137.25,18972.8,19077.35,0,0.5197932418974816,0.3730070672751218,1.3935211621984993
2025-01-31,19107.2,19321.75,19098.25,19283.3,0,1.0795524535640366,1.1135723348889348,0.9694497786456852
2025-02-01,19314.65,19461.4,19158.15,19344.4,0,0.31685448030160934,-0.11166221435742196,-2.8376159484656385
2025-02-03,19272.85,19387.3,19148.0,19239.85,0,-0.5404664915944823,-0.5157108697457558,1.0480029088022347
2025-02-04,19325.4,19425.25,19204.2,19410.35,0,0.8861815450744048,1.6189340804458663,0.5473858113051422
2025-02-05,19427.8,19443.2,19260.25,19274.8,0,-0.6983387728711654,-0.18092399717767327,3.859846033499768
2025-02-06,19325.75,19338.55,19186.35,19221.7,0,-0.27548923983646834,-0.3922553310010457,0.7023212129033727
2025-02-07,19285.0,19305.9,19140.85,19220.45,0,-0.006503066846319516,-0.18387220458111475,0.03536731862836128
2025-02-10,19231.05,19273.35,19057.6,19117.25,0,-0.5369281156268446,-0.7570050021328711,0.7092794817921187
2025-02-11,19139.5,19148.85,18739.6,18808.65,0,-1.6142489113235348,-1.3249734834228644,1.218325446901301
2025-02-12,18828.85,18924.75,18642.8,18837.95,0,0.15577938873869712,-0.11507554677138154,-1.353714087043889
2025-02-13,18853.25,18978.6,18833.0,18861.45,0,0.12474818119805331,-0.060099152753811946,-2.0757061536136354
2025-02-14,18898.95,18907.3,18654.15,18765.75,0,-0.5073841088569564,-0.4435249268390229,1.143981044026216
2025-02-17,18678.55,18840.95,18637.2,18827.55,0,0.32932336837057097,0.13192755977626813,2.4962439154416276
2025-02-18,18825.25,18873.05,18728.7,18783.25,0,-0.23529349278051948,-0.06184803676038131,3.804380948939742
2025-02-19,18702.35,18811.35,18643.95,18713.0,0,-0.37400343391053026,-0.054041568425766684,6.920662090410532
2025-02-20,18652.8,18701.1,18623.5,18691.0,0,-0.11756532891572524,-0.08612081332932675,1.3651209779702658
2025-02-21,18678.45,18700.25,18530.65,18602.45,0,-0.47375742335883375,-0.5117148886120026,0.9258230196191353
2025-02-24,18452.9,18539.0,18421.65,18447.85,0,-0.8310733263629411,-1.0640071240881177,0.7810787235801574
2025-02-25,18413.9,18475.1,18393.85,18418.95,0,-0.15665782191419675,-0.0257168003866326,6.091652910119655
2025-02-27,18416.45,18466.55,18314.55,18357.55,0,-0.3333523355023016,-0.011087679149179852,30.065113809408835
2025-02-28,18287.35,18296.3,17877.35,17890.7,0,-2.543095347690727,-1.8644891007116748,1.3639636438314542
2025-03-03,17912.1,17987.85,17815.65,17873.4,0,-0.0966982845836073,-0.024407110604895976,3.961889883196988
2025-03-04,17757.05,17782.15,17664.55,17703.75,0,-0.9491758702876996,-0.16569240437083188,5.728541835649712
2025-03-05,17679.3,17955.55,17671.1,17926.25,0,1.2567958765798304,1.1531677583985545,1.0898638705657084
2025-03-06,18026.0,18138.55,17865.55,18126.1,0,1.11484554773027,0.9284918051868374,1.2007058559939936
2025-03-07,18124.9,18198.75,18062.4,18135.55,0,0.05213476699346131,0.03459793210820461,1.5068752326124712
2025-03-10,18128.15,18231.4,18040.35,18068.0,0,-0.3724728502857655,-0.4088238554484036,0.9110839431745786
2025-03-11,17979.9,18128.2,17966.95,18108.65,0,0.2249833960593417,0.16740649056334878,1.3439347261999084
2025-03-12,18129.5,18150.75,17961.3,18062.55,0,-0.2545744713162046,-0.12178914476462799,2.0902886854834235
2025-03-13,18084.05,18099.55,17952.85,17966.9,0,-0.5295487071315996,-0.3262054693932037,1.623359375661751
2025-03-17,17903.0,18120.65,17903.0,18047.6,0,0.44915928735618227,0.49805332809458314,0.9018297078237462
2025-03-18,18152.75,18310.35,18095.05,18289.5,0,1.3403444225271066,1.4463264286110888,0.9267233150224897
2025-03-19,18332.05,18337.95,18234.2,18309.9,0,0.11153940785697536,0.3210083076774728,0.34746579820308743
2025-03-20,18402.7,18570.45,18360.2,18552.5,0,1.3249662750752345,1.2356161273987754,1.072312221971851
2025-03-21,18559.45,18748.5,18507.6,18696.9,0,0.7783317612181762,0.6888552067320308,1.129891671880695
2025-03-24,18793.35,18903.5,18731.45,18875.25,0,0.9539014489032827,1.3188210908592346,0.723298600177678
2025-03-25,18940.15,19033.95,18834.45,18880.8,0,0.02940358405849608,0.04353642582852757,0.6753789154466869
2025-03-26,18905.1,18921.15,18752.45,18781.45,0,-0.5261959239015179,-0.7681046447516104,0.6850575992437581
2025-03-27,18744.1,18905.6,18698.45,18869.05,0,0.4664176621080873,0.44748444342259663,1.042310339418013
2025-03-28,18863.15,18936.55,18742.95,18798.85,0,-0.3720378079447584,-0.3077320865803923,1.2089665789451787
2025-04-01,18687.45,18865.95,18543.05,18575.3,0,-1.1891684863701735,-1.503655500683465,0.7908516849967655
2025-04-02,18576.45,18706.6,18511.85,18695.05,0,0.6446733027192009,0.7193825353863481,0.8961481145396111
2025-04-03,18588.5,18704.45,18578.85,18641.1,0,-0.2885790623721296,-0.3525148559832214,0.8186295058891505
2025-04-04,18572.85,18596.45,18308.3,18378.55,0,-1.4084469264152855,-1.4866602724289302,0.9473898997207624
2025-04-07,17516.35,18038.8,17504.05,17967.7,0,-2.23548647744245,-3.243256223135693,0.6892722386519013
2025-04-08,18153.15,18363.65,18062.7,18268.2,0,1.6724455550793937,1.68873186051548,0.9903558961509052
2025-04-09,18190.85,18324.25,18110.35,18261.3,0,-0.03777055210695268,-0.6065890569914023,0.06226711753471022
2025-04-11,18518.8,18562.4,18444.5,18483.4,0,1.2162332364070494,1.91703703042303,0.6344338774398453
2025-04-15,18863.4,18863.4,18701.65,18816.35,0,1.8013460726922448,2.1902398531663314,0.8224423777551667
2025-04-16,18764.4,18899.45,18737.15,18888.5,0,0.38344312260347735,0.46573833350123106,0.8233016159973523
2025-04-17,18840.3,19125.05,18726.85,19114.4,0,1.1959657992958839,1.7683426347857356,0.6763201744784009
2025-04-21,19156.05,19270.65,19075.4,19233.45,0,0.6228288620097944,1.1483482274811108,0.5423693328424973
2025-04-22,19264.85,19272.6,19146.2,19244.55,0,0.057711954953476585,0.172845800406618,0.3338927229803084
2025-04-23,19379.75,19491.35,19279.15,19483.9,0,1.2437287439820643,0.669087297892812,1.8588437531230941
2025-04-24,19468.55,19580.2,19399.95,19450.5,0,-0.17142358562711735,-0.3380745983694311,0.5070584612210178
2025-04-25,19518.3,19598.0,19130.2,19299.0,0,-0.778900285339712,-0.8551679197581596,0.9108156039810099
2025-04-28,19280.5,19474.15,19270.4,19467.65,0,0.8738794756204982,1.2028195437896683,0.7265258368409997
2025-04-29,19505.0,19546.1,19409.1,19441.2,0,-0.1358664245556085,0.030622520911682827,-4.436813838659964
2025-04-30,19435.7,19526.1,19383.8,19474.85,0,0.1730860234964826,-0.007191007542339811,-24.06978750576638
2025-05-02,19426.8,19595.45,19287.1,19383.45,0,-0.4693232553780735,0.05136803346730279,-9.136484768816604
2025-05-05,19433.65,19522.4,19418.35,19468.5,0,0.4387763788180177,0.47008424139616256,0.9333994637106751
2025-05-06,19479.3,19500.25,19414.35,19455.9,0,-0.06471993219815397,-0.333385797478869,0.194129242120028
2025-05-07,19285.95,19463.9,19282.3,19404.25,0,-0.26547217039561977,0.14274229273656402,-1.859800380855295
2025-05-08,19369.8,19388.0,19188.75,19269.25,0,-0.6957238749243033,-0.5758896389016388,1.2080854176352565
2025-05-09,19042.0,19235.2,19037.95,19151.95,0,-0.6087419074431999,-1.0950077861727414,0.5559247296047708
2025-05-12,19398.55,19782.7,19356.9,19764.95,0,3.200718464699426,3.8183105631456105,0.8382551423639574
2025-05-13,19757.5,19842.2,19545.45,19588.4,0,-0.8932478958965206,-1.3895854313191403,0.6428161059867734
2025-05-14,19592.8,19687.85,19535.65,19626.55,0,0.1947581221539263,0.3602764221357635,0.5405797054366641
2025-05-15,19650.55,19950.4,19517.55,19919.05,0,1.490328152426179,1.6021470067175025,0.9302068700172407
2025-05-16,19950.7,19952.05,19835.2,19900.95,0,-0.09086778736937529,-0.16878074862042292,0.5383776770283862
2025-05-19,19881.7,19978.1,19853.8,19880.45,0,-0.10301015780653788,-0.29716464560067823,0.3466433821503791
2025-05-20,19937.95,19941.85,19612.4,19622.85,0,-1.2957453176361766,-1.0484878003804265,1.235822979691358
2025-05-21,19660.1,19862.5,19659.45,19745.1,0,0.6229981883365543,0.5248360267218644,1.1870339622601989
2025-05-22,19705.9,19707.6,19493.7,19593.75,0,-0.7665192883297589,-0.8211272515510792,0.933496345276365
2025-05-23,19607.2,19809.85,19561.45,19772.3,0,0.9112599681020628,0.9892440785543855,0.9211679785172094
2025-05-26,19820.4,19936.65,19805.4,19911.35,0,0.7032565761191156,0.5954979549875894,1.1809554847820964
2025-05-27,19899.45,19964.65,19720.1,19812.2,0,-0.4979571952680173,-0.699767810680707,0.7116034599871404
2025-05-28,19819.2,19826.6,19677.05,19691.95,0,-0.6069492534902743,-0.29706519725128944,2.0431516687458067
2025-05-29,19747.5,19778.6,19666.7,19744.65,0,0.2676220486036218,0.32784633440325894,0.8163033120097057
2025-05-30,19733.85,19783.45,19636.65,19655.6,0,-0.4510082478038524,-0.333821918690802,1.3510444418168737
2025-06-02,19622.15,19650.4,19543.95,19622.5,0,-0.1683998453366864,-0.13777388114276645,1.2222915108429309
2025-06-03,19677.7,19725.7,19472.2,19512.15,0,-0.5623646324372511,-0.7043849073092523,0.798376891102738
2025-06-04,19516.95,19571.5,19496.55,19530.65,0,0.09481271925442236,0.31659366405216716,0.29947762706583875
2025-06-05,19585.8,19698.1,19529.65,19604.6,0,0.37863563168658576,0.5308648995540288,0.7132429211361903
2025-06-06,19626.25,19752.8,19554.45,19745.0,0,0.7161584526080622,1.0187508333030282,0.7029770471805252
2025-06-09,19828.45,19846.75,19753.3,19838.2,0,0.47201823246392216,0.4005511327618061,1.178421913849923
2025-06-10,19895.75,19910.15,19802.45,19876.35,0,0.19230575354618473,0.004182733675395234,45.9760932610689
2025-06-11,19888.3,19968.05,19856.35,19936.05,0,0.3003569568859499,0.14798291126005836,2.0296732530022767
2025-06-12,19970.85,20005.3,19725.2,19774.2,0,-0.8118458771923187,-1.0071038207896121,0.8061193497963269
2025-06-13,19468.45,19697.85,19455.9,19675.75,0,-0.4978709631742406,-0.6814474329200237,0.7306080250986461
2025-06-16,19660.85,19875.05,19630.85,19857.15,0,0.9219470668208496,0.9219777819132302,0.9999666856479807
2025-06-17,19858.75,19870.35,19763.55,19786.15,0,-0.35755382821804904,-0.37319864510051426,0.9580791166102665
2025-06-18,19748.65,19869.6,19693.5,19727.85,0,-0.29465055101676185,-0.16637562667483063,1.770995889876559
2025-06-19,19733.8,19785.3,19683.2,19723.95,0,-0.019769006759473573,-0.0757696361243787,0.2609093532800132
2025-06-20,19735.4,19891.6,19709.25,19874.55,0,0.7635387435072527,1.287245520454161,0.5931570406536462
2025-06-23,19763.25,19784.95,19628.25,19734.2,0,-0.7061795109826297,-0.5594845574297902,1.26219660865483
2025-06-24,19896.0,19994.95,19796.35,19820.95,0,0.43959218007316725,0.29012610173835274,1.5151762541848406
2025-06-25,19896.7,20017.4,19888.8,19997.15,0,0.8889584000767004,0.8001804798287937,1.110947370606818
2025-06-26,20013.4,20152.6,19977.3,20141.65,0,0.7226029709233472,1.2052010814129765,0.5995704634418086
2025-06-27,20196.65,20256.65,20136.1,20238.15,0,0.47910672660880227,0.34756741946846414,1.3784569547442092
2025-06-30,20284.4,20297.15,20124.6,20165.75,0,-0.35774020846768284,-0.47098424981862896,0.7595587508615093
2025-07-01,20231.5,20257.3,20136.95,20176.85,0,0.05504382430605581,0.09699397069802274,0.5674973806096373
2025-07-02,20191.6,20222.75,20112.1,20166.7,0,-0.05030517647699462,-0.3460993352073727,0.14534895435974535
2025-07-03,20201.7,20321.45,20176.75,20213.7,0,0.2330574660207141,-0.18897278948981633,-1.2332858431624807
2025-07-04,20250.0,20314.6,20205.7,20306.75,0,0.4603313594245373,0.2192455904870272,2.099615132062486
2025-07-07,20314.45,20384.5,20290.8,20376.25,0,0.34225072943725454,0.0011782726522913123,290.46819407350347
2025-07-08,20343.2,20366.95,20254.1,20322.15,0,-0.2655051837310518,0.2403647889149374,-1.104592669041102
2025-07-09,20314.1,20361.85,20295.0,20329.2,0,0.03469121131376429,-0.18180037222059742,-0.1908203536111016
2025-07-10,20336.0,20347.15,20215.3,20229.1,0,-0.4923951754127187,-0.4743661706462121,1.038006514549607
2025-07-11,20194.9,20269.15,20082.25,20102.8,0,-0.6243480925992695,-0.8100886404196372,0.7707157728762231
2025-07-14,20113.65,20126.6,20018.55,20091.65,0,-0.05546491036073631,-0.268590071113739,0.2065039490504798
2025-07-15,20118.5,20242.3,20079.1,20227.8,0,0.6776446931934244,0.45251033597397683,1.4975231267035516
2025-07-16,20228.9,20273.25,20158.35,20243.15,0,0.07588566230634086,0.06449487613013893,1.1766153663620873
2025-07-17,20252.1,20293.3,20186.45,20201.05,0,-0.20797158544990646,-0.39901555010400935,0.5212117307099825
2025-07-18,20234.6,20244.95,20061.7,20118.75,0,-0.4074045656042635,-0.5696604536974181,0.7151708758436324
2025-07-21,20121.8,20147.05,20023.3,20115.55,0,-0.015905560733153745,0.48981913138206323,-0.03247231419539485
2025-07-22,20134.85,20149.95,19983.3,20026.6,0,-0.44219521713301235,-0.11876910568456855,3.723150179369128
2025-07-23,20075.9,20131.85,20021.7,20123.85,0,0.4856041464851746,0.6344544689137255,0.7653884877138569
2025-07-24,20136.15,20150.0,19959.55,19974.55,0,-0.7419057486514724,-0.625696374688256,1.1857280602290783
2025-07-25,19952.1,19953.1,19846.95,19895.5,0,-0.3957535964514758,-0.8981689483323341,0.44062266590966787
2025-07-28,19851.65,19951.35,19788.55,19833.4,0,-0.3121308838682002,-0.6284978056931179,0.4966300296370598
2025-07-29,19800.05,19985.95,19786.8,19967.55,0,0.6763842810612264,0.5680505978306938,1.1907113268505374
2025-07-30,20000.15,20009.9,19929.15,19994.05,0,0.1327153306239337,0.13677878901419138,0.9702917505006124
2025-07-31,19843.75,20106.15,19828.05,19986.45,0,-0.0380113083642275,-0.3488224726966971,0.10897035408976798
2025-08-01,19957.25,20029.15,19797.3,19822.05,0,-0.8225572825589444,-0.8195943613522938,1.0036151068703816
2025-08-04,19844.55,19985.75,19818.85,19969.85,0,0.7456342810153282,0.6407399039704442,1.1637082010889126
2025-08-05,19980.2,19983.45,19852.3,19919.25,0,-0.2533819733247844,-0.296083566755323,0.8557785766414174
2025-08-06,19917.8,19924.6,19708.15,19729.9,0,-0.9505879990461374,-0.3056850936426825,3.1096969358842426
2025-08-07,19647.1,19842.85,19631.4,19816.3,0,0.4379140289611172,0.08932132073475874,4.902681972891005
2025-08-08,19803.4,19840.15,19644.25,19660.8,0,-0.7847075387433566,-0.9466928767307148,0.8288934648512892
2025-08-11,19667.9,19830.15,19601.75,19808.4,0,0.7507324218750222,0.9101804763722576,0.8248171009635871
2025-08-12,19819.0,19918.0,19758.2,19774.15,0,-0.17290644373094688,-0.3971926028216277,0.4353214095696444
2025-08-13,19834.1,19940.6,19815.05,19923.85,0,0.7570489755564624,0.5388485506832019,1.4049383163350924
2025-08-14,19942.85,19985.8,19900.65,19925.45,0,0.008030576419737478,0.04853905566151173,0.1654456665934932
2025-08-18,20216.75,20350.1,20201.25,20253.35,0,1.6456341011118925,0.9973083028504526,1.6500756049141776
2025-08-19,20268.7,20369.2,20230.65,20353.3,0,0.4934986064033975,0.41685174428538474,1.1838707961973618
2025-08-20,20348.5,20511.55,20325.75,20489.4,0,0.6686876329637048,0.2798165780313777,2.3897355820308843
2025-08-21,20542.4,20544.8,20433.85,20489.35,0,-0.0002440286196891961,0.1325320202550495,-0.0018412804635406477
2025-08-22,20479.05,20500.8,20334.3,20344.75,0,-0.7057324902937312,-0.85174664872677,0.828570903505981
2025-08-25,20404.3,20457.75,20358.2,20421.9,0,0.37921331055923435,0.3926401582623473,0.9658036820213849
2025-08-26,20387.0,20441.15,20313.35,20351.4,0,-0.34521763401055283,-1.024121116239951,0.33708672591188765
2025-08-28,20383.4,20383.95,20201.25,20218.95,0,-0.6508151773342408,-0.8544414566982406,0.7616849255525839
2025-08-29,20211.65,20329.15,20189.5,20248.8,0,0.14763377920217202,-0.30223379549323415,-0.488475416725781
2025-09-01,20267.8,20418.0,20267.8,20411.55,0,0.8037513334123503,0.8114022069976246,0.9905708001293412
2025-09-02,20423.65,20532.9,20383.6,20440.3,0,0.14085162567272214,-0.1845681531611132,-0.7631415456044032
2025-09-03,20462.4,20516.25,20394.7,20502.15,0,0.3025885138672191,0.5510667382707668,0.5490959494611016
2025-09-04,20824.35,20824.35,20505.35,20527.05,0,0.12145067712410196,0.07788776474253467,1.559303666314839
2025-09-05,20578.75,20590.75,20391.45,20472.7,0,-0.2647725805705048,0.02708789009593371,-9.77457379045742
2025-09-08,20504.55,20554.0,20415.85,20463.45,0,-0.045182120580089524,0.12994624307829383,-0.34769855218412793
2025-09-09,20528.5,20605.8,20508.65,20592.2,0,0.6291705455336194,0.385296177514749,1.632952991103928
2025-09-10,20658.35,20702.25,20605.7,20652.0,0,0.29040121987937706,0.42020861648826013,0.6910882082959152
2025-09-11,20636.55,20669.7,20579.75,20625.05,0,-0.13049583575440726,0.12973959980939753,-1.005828875271087
2025-09-12,20662.45,20680.95,20605.85,20627.85,0,0.013575724664915967,0.4339045410009845,0.03128735328189424
2025-09-15,20625.2,20645.05,20526.2,20538.55,0,-0.4329098766958195,-0.17838655729871533,2.4268077328881614
2025-09-16,20559.3,20661.3,20547.3,20642.6,0,0.5066083048705927,0.6777240598024648,0.7475141210395468
2025-09-17,20678.7,20706.9,20620.5,20658.2,0,0.07557187563582701,0.36114599965926253,0.20925574617226353
2025-09-18,20731.95,20747.55,20665.05,20729.9,0,0.3470776737566794,0.3685316962919849,0.9417851361194517
2025-09-19,20749.55,20758.4,20632.1,20667.75,0,-0.29980848918712555,-0.3797652574773047,0.789457390543532
2025-09-22,20595.8,20662.05,20503.15,20545.25,0,-0.5927108659626756,-0.4923589600841827,1.2038185836230846
2025-09-23,20568.9,20591.6,20385.05,20404.65,0,-0.6843430963361263,-0.13034498766979485,5.250244820075354
2025-09-24,20388.25,20425.8,20313.9,20350.5,0,-0.26538068528497716,-0.4473668527384289,0.5932059643232949
2025-09-25,20346.15,20376.95,20175.0,20191.0,0,-0.7837645266701054,-0.6626917136597243,1.182698546722057
2025-09-26,20112.65,20152.5,19982.05,20000.7,0,-0.942499133277197,-0.9487422084822228,0.9934196295377083
2025-09-29,20035.55,20076.35,19937.15,19950.55,0,-0.2507412240571605,-0.08030923109995092,3.122196796344545
2025-09-30,19982.2,20043.25,19894.75,19921.45,0,-0.14586064043345948,-0.0966109056663611,1.5097740718545671
2025-10-01,19940.5,20061.2,19872.3,20031.75,0,0.5536745568219148,0.9150342731531813,0.605086140559488
2025-10-03,19995.35,20075.1,19944.75,20065.4,0,0.1679833264692343,0.2333278306350106,0.7199455204810384
2025-10-06,20064.55,20207.1,20020.3,20194.55,0,0.6436452799346126,0.7367163099912588,0.8736677486375312
2025-10-07,20214.2,20275.35,20187.25,20204.15,0,0.047537578207990094,0.1222203834888802,0.38894967313136547
2025-10-08,20196.1,20267.95,20147.7,20180.85,0,-0.1153228420893826,-0.24752770996043783,0.4658987153713601
2025-10-09,20211.5,20329.6,20171.7,20315.85,0,0.6689510104876728,0.5416002060196767,1.2351380281110331
2025-10-10,20320.4,20446.3,20286.85,20414.95,0,0.48779647418148997,0.4112096831838885,1.186247537763727
2025-10-13,20349.2,20400.45,20325.0,20373.1,0,-0.20499682830475985,-0.2293818357270161,0.8936925090647697
2025-10-14,20418.3,20433.15,20247.95,20295.1,0,-0.38285778796550707,-0.3244494566412959,1.1800228976459226
2025-10-15,20324.55,20478.95,20312.7,20456.7,0,0.7962513118930259,0.7080789803344478,1.1245233003766495
2025-10-16,20475.3,20706.8,20469.6,20678.9,0,1.0861966983922278,1.0336228530360092,1.0508636638613358
2025-10-17,20654.7,20840.7,20639.75,20791.05,0,0.5423402598784266,0.486802968892297,1.1140857688532646
2025-10-20,20871.15,20949.0,20837.2,20910.7,0,0.575488010466052,0.5184783264001958,1.109955770883762
2025-10-21,20962.4,20980.6,20889.0,20927.9,0,0.08225453954195938,0.09847870712353934,0.8352520249760478
2025-10-23,21057.3,21115.9,20923.5,20950.5,0,0.10798981264243945,0.0881377422821572,1.2252391523341883
2025-10-24,20970.4,20974.6,20763.9,20821.75,0,-0.6145438056371022,-0.3717450582046533,1.6531324144698736
2025-10-27,20855.75,20955.65,20846.95,20915.85,0,0.45193127378821973,0.6625276457008278,0.6821319483357751
2025-10-28,20921.3,20973.4,20766.15,20857.05,0,-0.2811265141029362,-0.11495780066663741,2.445475752603917
2025-10-29,20897.45,20951.25,20861.4,20924.9,0,0.32530966747454926,0.4538058774994136,0.7168476293588102
2025-10-30,20876.35,20894.7,20735.7,20777.0,0,-0.7068134136841819,-0.6757145763206407,1.046023629581707
2025-10-31,20774.4,20835.25,20632.55,20647.75,0,-0.6220821100255125,-0.6018660746545779,1.0335889265440605
2025-11-03,20617.6,20667.3,20565.6,20644.55,0,-0.015498056688989514,0.16036793263380922,-0.09664062156602354
2025-11-04,20649.55,20671.3,20542.9,20562.4,0,-0.39792584483555604,-0.643161700632866,0.6187026442090693
2025-11-06,20647.6,20705.4,20551.5,20568.15,0,0.0279636618293555,-0.34358622764198987,-0.08138760980400266
2025-11-07,20517.0,20561.85,20425.4,20539.0,0,-0.1417239761475897,-0.06820934781671673,2.077779376052853
2025-11-10,20575.7,20713.5,20574.8,20655.05,0,0.5650226398558722,0.32186189555276634,1.755481613893751
2025-11-11,20672.75,20718.15,20545.75,20699.05,0,0.2130229653281024,0.4715662372650753,0.45173498120553235
2025-11-12,20788.45,20878.1,20729.15,20857.6,0,0.7659771825276884,0.7038348002233796,1.0882911477019697
2025-11-13,20906.4,20978.65,20833.6,20897.35,0,0.1905780147284375,0.012946459626372864,14.720473413458645
2025-11-14,20837.2,20920.7,20782.85,20898.05,0,0.0033497070202725965,0.1194011395273753,0.028054229913815884
2025-11-17,20940.9,20974.2,20896.85,20965.65,0,0.323475156773001,0.3990729465979559,0.8105664879831718
2025-11-18,20963.7,20969.7,20847.55,20892.85,0,-0.3472346433332718,-0.39748668477268545,0.8735755350694282
2025-11-19,20918.25,21040.55,20865.35,21024.15,0,0.6284446592973225,0.5503655917298511,1.1418676398756353
2025-11-20,21084.15,21102.9,21007.25,21052.75,0,0.13603403704787187,0.5354541668505908,0.2540535595193712
2025-11-21,21015.9,21063.1,20965.25,20974.3,0,-0.37263540392585837,-0.4734242893385976,0.7871066447529605
2025-11-24,21020.45,21045.05,20891.6,20913.45,0,-0.29011695265157567,-0.41679213906625767,0.6960710758641626
2025-11-25,20938.55,20970.7,20859.7,20881.55,0,-0.1525334174897086,-0.28775592750245327,0.5300791501103246
2025-11-26,20862.7,21108.0,20862.6,21097.4,0,1.0336876333413958,1.238178390406719,0.8348454805465053
2025-11-27,21124.95,21147.8,21006.8,21055.45,0,-0.1988396674471815,0.039114224985015156,-5.083564036443466
2025-11-28,21078.7,21086.7,21024.5,21045.05,0,-0.04939338746026145,-0.04806307706685109,1.0276784274872794
2025-12-01,21103.6,21108.25,20985.1,21039.7,0,-0.025421654973489805,-0.10380510591364578,0.24489792433368138
2025-12-02,20994.65,21074.15,20982.15,21031.35,0,-0.039686877664613096,-0.5484083550614582,0.07236738335280381
2025-12-03,21041.4,21078.05,20926.0,20981.9,0,-0.2351251821685163,-0.1774725148085854,1.3248540621747131
2025-12-04,20979.35,21080.15,20950.8,21065.4,0,0.39796205300759446,0.18375278996383138,2.1657469967445206
2025-12-05,21058.1,21164.6,21016.1,21153.1,0,0.4163225004034876,0.586546310078262,0.709786240660074
2025-12-08,21138.45,21165.6,20940.85,20986.6,0,-0.7871186729131896,-0.8626598870790092,0.9124322165696097
2025-12-09,20945.3,20960.3,20797.45,20873.05,0,-0.5410595332259627,-0.4657066202372384,1.161803396632709
2025-12-10,20891.2,20962.8,20821.9,20836.45,0,-0.17534572091763012,-0.315987252149319,0.5549139078394559
2025-12-11,20845.0,20963.75,20779.05,20940.45,0,0.4991253308505028,0.5456557186116928,0.9147257397401114
2025-12-12,20987.0,21042.7,20941.6,21035.6,0,0.45438374055952746,0.5730050524064056,0.7929838291150954
2025-12-15,20980.2,21074.95,20931.25,21069.2,0,0.15972922093974162,-0.0754406945918884,-2.117281949799494
2025-12-16,21043.1,21087.05,20966.65,20988.35,0,-0.38373550016138624,-0.6424024005563411,0.5973444368032544
2025-12-17,21004.45,21028.15,20896.85,20945.05,0,-0.20630492630434594,-0.16067223251263751,1.2840110769489634
2025-12-18,20937.95,20964.3,20858.4,20914.45,0,-0.1460965717436702,-0.011619552608488348,12.573338807979862
2025-12-19,20953.0,21036.8,20942.55,21023.0,0,0.519019147049038,0.5843377344275202,0.888217748863206
2025-12-22,21079.55,21175.15,21058.3,21169.9,0,0.6987585025924004,0.7933329225460639,0.8807884845492817
2025-12-23,21189.5,21198.15,21107.65,21162.65,0,-0.034246737112597625,0.018148889670044355,-1.886988005063669
2025-12-24,21156.75,21182.0,21101.8,21121.35,0,-0.19515514361387876,-0.13389540114184806,1.4575193916266957
2025-12-26,21107.6,21138.95,21053.8,21072.0,0,-0.2336498377234375,-0.3817596903079701,0.6120338098947781
2025-12-29,21085.75,21107.05,20984.1,20999.6,0,-0.343583902809419,-0.3847586426698135,0.8929855361410834
2025-12-30,20999.15,21010.45,20917.65,20975.95,0,-0.11262119278461213,-0.012527898666647719,8.989631524114802
2025-12-31,20996.95,21155.05,20986.45,21130.15,0,0.7351276104300419,0.735383411369428,0.9996521529647919
2026-01-01,21162.7,21174.7,21055.1,21095.95,0,-0.16185403321794523,0.06486896087196659,-2.4950921217529656
2026-01-02,21088.25,21224.7,21058.6,21217.9,0,0.5780730424560288,0.6960765378223988,0.8304733905620043
2026-01-05,21208.15,21316.4,21175.55,21249.5,0,0.14893085555121033,-0.29720588486642496,-0.5011033197345511
2026-01-06,21237.95,21366.1,21221.1,21358.15,0,0.5113061483799752,-0.27275878751861216,-1.8745725959244683
2026-01-07,21346.35,21441.3,21308.65,21373.05,0,0.06976259647955008,-0.14496518161711824,-0.48123691290096754
2026-01-08,21340.7,21340.7,21125.4,21141.2,0,-1.0847773247149917,-1.0095349215305638,1.0745317488080077
2026-01-09,21118.7,21203.85,20946.4,21002.1,0,-0.6579569750061576,-0.7479658459201954,0.8796617901672994
2026-01-12,20987.85,21127.45,20847.2,21105.75,0,0.49352207636379486,0.4164184509000135,1.185159003634771
2026-01-13,21153.3,21159.8,20948.25,21058.9,0,-0.22197742321404812,-0.2246973177848277,0.9878952957801472
2026-01-14,21016.4,21038.5,20908.5,20939.45,0,-0.5672186106586818,-0.25920729977498835,2.1882817773691974
2026-01-16,20900.85,21058.75,20884.15,20920.9,0,-0.08858876427031426,0.11201764229162858,-0.7908465350456207
2026-01-19,20823.9,20897.8,20757.3,20847.5,0,-0.3508453269218892,-0.4236339895735797,0.8281803055393221
2026-01-20,20846.6,20847.95,20472.7,20511.25,0,-1.6129032258064502,-1.3796877137441155,1.1690349995430838
2026-01-21,20465.5,20584.8,20305.8,20424.9,0,-0.42098848193063976,-0.29723570791637677,1.4163455827086535
2026-01-22,20546.75,20684.5,20494.9,20594.8,0,0.8318278180064365,0.5262844082281726,1.580567094523907
2026-01-23,20645.6,20656.5,20438.6,20454.9,0,-0.6792976867947109,-0.9539381334050301,0.7120982619386385
2026-01-27,20487.8,20548.9,20364.4,20493.35,0,0.18797451955274713,0.5060152942374163,0.3714799170962444
2026-01-28,20497.45,20528.3,20366.5,20492.25,0,-0.005367594853933344,0.6647362107454091,-0.008074774274616895
2026-01-29,20466.7,20479.4,20222.5,20376.4,0,-0.5653356756822658,0.3004804135305017,-1.8814393558629696
2026-01-30,20295.3,20500.25,20242.7,20447.25,0,0.3477061698827999,-0.386523413680373,-0.8995733701408521
2026-02-01,20504.9,20529.7,19975.95,20149.2,0,-1.4576532296519007,-1.955715986753892,0.7453297102056835
2026-02-02,20184.1,20335.1,19979.35,20314.55,0,0.820628114267552,1.05919530159575,0.7747656291820968
2026-02-03,21111.8,21123.25,20630.55,20685.55,0,1.8262772249446835,2.547591715693298,0.7168641716389327
2026-02-04,20632.35,20744.4,20532.4,20669.0,0,-0.08000754149635192,0.1883195251782599,-0.4248499534003084
2026-02-05,20658.15,20680.95,20541.9,20571.15,0,-0.4734142919347706,-0.516759776536313,0.9161206297980963
2026-02-06,20551.55,20638.55,20413.35,20627.45,0,0.2736842616966051,0.19849626405852305,1.3787879736412278
2026-02-09,20762.3,20782.05,20680.3,20772.45,0,0.7029468014708495,0.6756520080797968,1.0403977092714112
2026-02-10,20818.25,20830.4,20759.15,20786.75,0,0.0688411814687262,0.2623002787302875,0.26245180448135447
2026-02-11,20869.35,20911.75,20827.6,20870.35,0,0.4021792728540863,0.07210291824029103,5.57785014350985
2026-02-12,20848.65,20851.9,20714.25,20758.7,0,-0.5349694662523552,-0.5650414100412782,0.946779221390648
2026-02-13,20610.8,20633.2,20498.95,20523.55,0,-1.1327780641369745,-1.3023497318577881,0.8697955982384843
2026-02-16,20493.6,20685.75,20470.6,20674.85,0,0.7372018973325734,0.8309417339651626,0.8871884359625638
2026-02-17,20635.8,20789.65,20613.55,20760.55,0,0.41451328546520116,0.16606477110123752,2.496094040394051
2026-02-18,20790.55,20836.35,20709.7,20829.4,0,0.3316386126571924,0.36520326214557475,0.9080932374722244
2026-02-19,20865.75,20880.9,20512.25,20555.75,0,-1.3137680394058493,-1.4136684308474035,0.9293325158420137
2026-02-20,20518.85,20724.2,20483.7,20671.75,0,0.5643189861717524,0.4592535264110076,1.2287744213567926
2026-02-23,20743.35,20816.55,20692.0,20803.25,0,0.63613385417296,0.554333479982394,1.1475652782025072
2026-02-24,20732.65,20741.75,20588.8,20641.9,0,-0.7755999663514035,-1.121417181970208,0.6916248286732675
2026-02-25,20698.9,20842.05,20691.75,20749.5,0,0.5212698443457064,0.2275350889786143,2.290942670361932
2026-02-26,20805.6,20837.5,20687.05,20777.75,0,0.13614785898454773,0.0551358775630284,2.4693151719388298
